Mag(8.95),Angle(8.95),fit_Mag(8.95),fit_Angle(8.95),Mag(10.95),Angle(10.95),fit_Mag(10.95),fit_Angle(10.95),Mag(12.95),Angle(12.95),fit_Mag(12.95),fit_Angle(12.95),Mag(14.95),Angle(14.95),fit_Mag(14.95),fit_Angle(14.95),Mag(16.95),Angle(16.95),fit_Mag(16.95),fit_Angle(16.95),Mag(18.95),Angle(18.95),fit_Mag(18.95),fit_Angle(18.95),Mag(20.95),Angle(20.95),fit_Mag(20.95),fit_Angle(20.95),Mag(22.95),Angle(22.95),fit_Mag(22.95),fit_Angle(22.95),Mag(24.95),Angle(24.95),fit_Mag(24.95),fit_Angle(24.95)
1.2039761274332492,2.8452407635996284,0.5004238632690299,3.4707913160154398,1.3894458567721415,1.4360077559786586,0.44065696453610304,4.595505423088947,1.2036881448430754,0.48039884302549146,0.7146419866452953,5.650804801758558,0.8953296724388637,0.04101506657462742,1.1810813936100264,7.300828713947838,0.5938461543882299,-0.15958992447006595,1.9345697385854073,9.906318980724006,0.3527385013574951,-0.05683396758587943,3.136156866635113,14.03083219217976,0.24604015612868596,-0.38624364131345423,5.044703245727644,20.565007236763012,0.15533693995364592,-0.18557033763383335,8.071994822346566,30.919373463185973,,,12.87140998267654,47.32897166699354
1.391253143626937,3.0276323612420515,0.49722455049318026,3.4675824141715252,1.53383711352014,1.4583076438148823,0.3494773166536103,4.45210721072298,1.2772110759636086,0.43863792490100123,0.5119251737268327,5.312718937242592,0.8955856744494797,0.04014154610276564,0.7561860797299675,6.559051424075332,0.643716420428505,-0.3258759853546445,1.0644425904576607,8.312405584158995,0.42237638438444874,-0.43380710837512815,1.3935764906173103,10.650697786831683,0.23963912332921364,-0.355463958782566,1.666338144979986,13.544687198592298,0.15478984757917003,-0.4316573724841037,1.7950860327629496,16.805795691093095,,,1.7327982043446368,20.110066006477876
1.626906104628364,3.2255553266082306,0.49424468077225514,3.4641823207615063,1.6943869567367915,1.4617004123101087,0.275275754701531,4.311870732577882,1.3444162984156622,0.3814154758621446,0.3620620265246279,5.0008650546898386,0.8954148731857341,0.04051479257966689,0.4820056280669029,5.930446849840861,0.6141143926016633,-0.2899642737291193,0.6013336871757078,7.116819268431292,0.4061299915185701,-0.39703381743638233,0.6820121217226501,8.510548737247309,0.23329907372136938,-0.32464101357819936,0.6940629692373512,9.99180151689918,0.15100828942718353,-0.40272835153264086,0.6336072712042929,11.405917663340073,,,0.5244538061440356,12.624303501949935
,,0.4914951593149024,3.460606484228151,1.8696475084118505,1.4401193903078844,0.21584798000907143,4.175964163542431,1.401809822146476,0.30988140104378675,0.2524435490757361,4.715583051954805,0.8950373138624481,0.04073841187657997,0.3038543209043319,5.3985585011511725,0.5882809632495618,-0.25325047523837285,0.3426053638716728,6.202699303076699,0.39165573792024094,-0.3617984386240671,0.3500826047075773,7.062547377153818,0.22770999522092633,-0.2944227029463282,0.3218306338481105,7.889889986633884,0.13782203323205577,-0.2931766096438905,0.2682756432633325,8.608591351101412,,,0.2061350664218283,9.179733735812876
,,0.48898575399084426,3.4568708990097856,2.0594834845116368,1.395423603035582,0.16919066502576244,4.045130875202194,1.0992804074172953,0.6161306566148913,0.17345712004983044,4.455633358296502,0.8947129907162392,0.040528527166045554,0.18810331382375114,4.946336512478991,0.5670128900980017,-0.21609779827277528,0.19357390120382217,5.486767082144224,0.37877927628843444,-0.32617637062440985,0.18207146260859308,6.024702580179028,0.22262419928974778,-0.2648648200550317,0.1556992921706833,6.507673484590093,0.13243197451831928,-0.24063003255156853,0.1223518062725156,6.90261454119988,,,0.08987812398258173,7.201699196270313
,,0.48672507977854723,3.4529920168292767,2.2518012877603684,1.3177012630989122,0.13351988649414756,3.919794052713083,1.1811767049316688,0.6042838435542897,0.11783306327179613,4.219046000089815,0.8947204306678512,0.040654866585049666,0.11371131596392675,4.5589614923155946,0.5488031740423731,-0.17789616746897594,0.10675536026376822,4.912994859228246,0.3673089893468676,-0.29123415583983636,0.09325577126591873,5.246195936373233,0.21819356026991346,-0.23599030502044382,0.07521717717357582,5.530519894178177,0.13039729311385703,-0.21516010772330188,0.056546222986224096,5.753453452395314,,,0.040230936784768495,5.916947036432938
,,0.4847205905182619,3.448986659631024,1.1685558862101204,1.5394289027149444,0.10727032959287673,3.8001412614175845,1.2651207649878742,0.5780540086319815,0.0800867441849967,4.0035972557686845,0.8947114581783364,0.04084088846558643,0.06723749385785383,4.2243226699806575,0.5339118718808835,-0.1399159673605447,0.056813907211038656,4.443601682758039,0.3569871822924985,-0.2573146883010023,0.04591620226032851,4.6408989875733955,0.21394602167593302,-0.2069303493189795,0.03500207685387277,4.802817861153025,0.1285077682990984,-0.18969611791346036,0.025283653542204732,4.925898324599246,,,0.01750150321226737,5.014108249909961
,,0.482978577493202,3.444871934775323,1.2919885994545512,1.5910846364768845,0.0890832085833078,3.686190902590583,1.3491519494344888,0.5355860746839698,0.05607617972152539,3.8070651160586793,0.8947797859665508,0.041341567578990296,0.03991406307173956,3.9327510655521722,0.5220611411491206,-0.10183313214667898,0.02950709450467232,4.05262975154748,0.3478477481290013,-0.2235981518150914,0.02161194976033771,4.156567551681137,0.21029935395221055,-0.17844395698557308,0.01537738850182485,4.23926562017034,0.1266974673474959,-0.16424891411949102,0.010599837253935264,4.3006383611368735,,,0.007112667628790695,4.343863119242851
,,0.48150417431647685,3.4406651530163663,2.668110629037163,1.4477335158171183,0.07778831591676863,3.577843297216901,1.4285646281226843,0.47734609460769234,0.042664011343288705,3.6273569226699447,0.8945559838423591,0.04166879438604576,0.02590675325591489,3.6765808490259215,0.5128162373311387,-0.06381469140405986,0.01647287019040778,3.721833229266492,0.33993416721951486,-0.1900935361301273,0.010658793454669798,3.7598490784897236,0.20703694478202683,-0.15050254200359822,0.006912899842424082,3.789334916898194,0.12474242053969405,-0.13922313243338807,0.004464797794028839,3.8107995556874283,,,0.0028670321607766583,3.8257100551453274
,,0.48030136756885533,3.43638374970561,2.901096239764184,1.2705001685200918,0.07238371101408976,3.474919243700564,1.555204905472017,0.3078688065617817,0.03746407523462876,3.46256498180359,0.8947365294802138,0.04199986059041856,0.021261965585776563,3.4497294498709237,0.5065587238641986,-0.025209624401813777,0.012620989518995677,3.438091599789808,0.3333568510945421,-0.1576513692397875,0.00767958254094735,3.4285217417712723,0.19928906329782953,-0.06687415973621429,0.004740505520042339,3.4212407908281226,0.12332510758865484,-0.11450776275924485,0.0029513413401802283,3.4160193125702087,,,0.0018469114346471645,3.4124311253091513
,,0.4793730126119682,3.432045209578007,1.0278569907061756,1.6308878084452592,0.07201520925781198,3.377188656039661,1.5946289662362978,0.20422833227646534,0.03865309793452957,3.310982803017821,0.8952294525994801,0.04198439533252916,0.023256388659815594,3.247347936335808,0.50240576109214,0.013070117034422108,0.014758384794708836,3.1917663417263706,0.32745624789337946,-0.12492139014476812,0.009554473101027626,3.1472391771360093,0.19758306272962012,-0.039631567678975584,0.006201241943273326,3.114008037597434,0.12227051559689969,-0.09010655779840965,0.004006691326896545,3.0905042661432627,,,0.0025731105588350706,3.074506948086976
,,0.4787208539924219,3.427666995396334,3.1150565420565766,1.6166690069336687,0.07595691236917541,3.284391510273225,0.9872253327148346,0.7087695471350923,0.04483121588214459,3.1711007653412424,0.8951744779150319,0.04214455540542997,0.029986867270423274,3.065545251486715,0.5015298111386985,0.051403853320137353,0.020831609594294438,2.9756372725055833,0.31907053227585813,-0.06053157764243958,0.01440913060509481,2.9050765076439764,0.19625230253049794,-0.01211883680699157,0.0097784374937563,2.853244388502466,0.12095726995288146,-0.0653315994670529,0.006502855429884522,2.8170049335083913,,,0.004253469190107988,2.7925364099676453
,,0.4783455498535888,3.423266480649751,0.9601425766076079,1.7661098549382102,0.08359341913668909,3.1962529226935303,1.0664206711342747,0.7196418386377651,0.05491860978599638,3.0415918664016957,0.8954293830860993,0.04195452173140536,0.040106584763649124,2.901175579960307,0.507355510619906,0.12889545610471506,0.029492831126860772,2.784199324690459,0.31609578842413577,-0.02826781616780643,0.021086139778129755,2.694051929581773,0.19511367295068693,0.015590478206801012,0.014577823353404561,2.628749631665734,0.11828160367906118,0.007814225701870025,0.009796376125408663,2.583550220368648,,,0.006446251544702012,2.5532439567934806
,,0.47824669978253465,3.4188608864280488,3.602048599517871,1.879070832753661,0.09440397615626876,3.1124938094279995,1.1512634196579752,0.7201776633841233,0.0680786950317386,2.9212934719275863,0.8957814589790787,0.04197138413435069,0.05265215321551042,2.7516757463698,0.6875712516507727,-0.45022869863721476,0.039842650266391694,2.613187607719395,0.31272500554172145,0.03568517420270993,0.028855489093207825,2.5082016967021663,0.19455098363277007,0.04290081539923316,0.020058946022603205,2.433094584434392,0.11729956129557706,0.05711657513337833,0.013510108477666054,2.381572405732298,,,0.008897944753750766,2.34723880740327
,,0.4784228755385013,3.414467222523634,0.8149947009992564,1.8364533793671196,0.10794860012355671,3.032838256127383,1.76236358405521,0.1526240521285185,0.08366081208693983,2.809188251944678,0.8962143899878614,0.04174337149972634,0.06692829200062053,2.6149409935374037,0.6492140158342642,-0.4148387161505047,0.051273145537059465,2.4592500463442675,0.44516264624089597,-0.5805842598032167,0.03724955195260046,2.342982008219194,0.19628039004697728,0.181460352909048,0.02588956709765925,2.2607406188746504,0.11680374509833087,0.08187354322933336,0.017419018739856244,2.2047779583571794,,,0.011460380815487257,2.1676905427976667
,,0.4788716541355067,3.410102232749859,3.7404345634447624,2.519004765471132,0.12385607452614945,2.957018463310964,1.7669016176460122,0.02146280527824943,0.10115725622887094,2.704385931730093,0.895925398516421,0.0416389906455177,0.08242966463207639,2.489229799273942,0.6164936096233368,-0.37867100605663073,0.06336957485347644,2.319717397997111,0.40667955065553013,-0.5045634746240839,0.045965783000381635,2.194870986480717,0.2834974052430043,-0.6721670256414091,0.03186349883654514,2.107474430824718,0.11717795703337895,0.18131389250948027,0.02138768709140856,2.048439734375133,,,0.014046313410470282,2.009511825286339
,,0.479589652783673,3.4057823444073674,0.711216012710661,1.9302200790493318,0.14181365832921242,2.8847779233803497,0.9905779135793078,0.8103187374565858,0.12017088578599883,2.606106608768095,0.896315354229739,0.04129546145125186,0.09878710906010739,2.3730905684005856,0.45993494396610424,0.07065194618651134,0.07584739646077708,2.192438805460084,0.39087459465311086,-0.46855487905758497,0.05480764919404865,2.061097013441663,0.2533932648617487,-0.5655346587530903,0.037852641376556424,1.9700339230583552,0.1884841270370646,-0.8094827622365722,0.025334808568137034,1.9089379100164288,,,0.016604646603141742,1.868835319632249
,,0.48057256523086544,3.4015236217799067,4.297167710065316,3.1019099589842742,0.16155831813238047,2.8158733218978993,1.9429742803920662,0.005334281289538677,0.1403905685734389,2.513665904149405,0.8960992049214579,0.041023651333075443,0.11573014167861145,2.265304815932104,0.4622126438303727,0.1084822853359461,0.08851109997675259,2.075662281455316,0.2802773279355662,0.10419210365795901,0.06364786118177528,1.9394491024791252,0.2361972801536994,-0.49899066209314247,0.04377816995861671,1.8458539038961053,,,0.02921239031222338,1.7834533459539281,,,0.019106160264691075,1.7426682665371733
,,0.4818151990869032,3.397341723497867,0.5894153835409699,1.9970951469484428,0.18286929229813983,2.7500755301636395,1.916424034345464,-0.14045879996359045,0.161572465602023,2.4264619604536035,0.8959929128767088,0.04073525355499895,0.1330604819178182,2.164842827391226,0.4665064215661289,0.14589094079836198,0.10122681230034425,1.967946537892326,0.2815825027359478,0.13444796774104437,0.0724049845987907,1.828141857139772,0.16684728092267814,0.1327044607886482,0.049592798867009395,1.732889137407147,,,0.03299323740578874,1.66975744569309,,,0.02153505603578712,1.628658093851994
,,0.4833115137560578,3.3932518635714017,3.993682611401636,4.044050553909757,0.20556180542524327,2.687169960707272,0.922923951815894,0.8932066346928389,0.18352568588954143,2.3439641706017813,0.8955247297226652,0.040659036170296356,0.1506331445052886,2.070828808742064,0.47285537444553394,0.1843716261297957,0.11390378080024212,1.8680950360754989,0.2832299925357899,0.16563401196778083,0.08102828110447072,1.725717561460776,0.16742986935889934,0.15897530043562427,0.05526963539180219,1.6294886386301406,,,0.03666325789318973,1.566064854895459,,,0.023883835645787395,1.5249295432602348
,,0.48505465864880665,3.3892687758655304,,,0.22948176781914015,2.6269564854131113,2.143029923156429,-0.05218549041809693,0.2061012332824545,2.2657034668140645,0.895289834257374,0.04038063570503342,0.1683427958160318,1.9825132980998763,0.7431741511155286,-0.5747880041614302,0.12648168218603897,1.775106026590588,0.2892609705580586,0.22773888639879633,0.08948772351740884,1.6309740336301584,0.16828183055158308,0.18535257993448637,0.060795051838299745,1.53430470666687,,,0.040216644392094346,1.4709281218563413,,,0.02615014007642029,1.4299690875428661
,,0.4870370113900381,3.385406681766615,,,0.25450131337781606,2.56924906218121,2.1034012093781054,-0.21748758218699163,0.22918344712581692,2.191263982875992,0.9089810379168153,-0.021596602872488928,0.18611381605259594,1.899251171081109,0.6973768813352561,-0.5391717187382299,0.13892181743759932,1.6881342550261087,0.4923293663401518,-0.7674543962640605,0.09776732762855878,1.5429106781710635,0.17091782734573868,0.23955909167469713,0.06616406045753336,1.4462259940291278,,,0.043652812227542206,1.3831610067345663,,,0.02833477003711302,1.3425413577895835
,,0.48925021578733185,3.3816792607729895,,,0.2805150482823062,2.51387517597401,0.8410736321273945,0.9574486367275908,0.2526833432841607,2.120275907567783,0.8876520246651719,-0.021262697675213806,0.20389299945634687,1.8204839840739548,0.6566714086443782,-0.5027128204709411,0.15120093749150224,1.6064612885424299,0.46636508000682203,-0.7245590872145837,0.10586064692567859,1.4606876036628342,0.2786157609205107,-0.8207965930924525,0.07137727697956721,1.3643275171940568,,,0.04697443144789244,1.3017817434254353,,,0.030440432654888286,1.261627693179635
,,0.4916852193689587,3.3780996237317544,,,0.3074369008071229,2.4606751704340435,2.3749741250482157,-0.0862253644575418,0.2765334118011405,2.0524093616323387,0.8683043543045136,-0.014785006342318371,0.2216441519743902,1.7457257044357515,0.43915884624195267,0.2286041423940629,0.16330687382575834,1.5294722891464583,0.44214472825728257,-0.6829656537294843,0.11376769951057936,1.3835942607348388,0.2556846120924755,-0.7405885450642437,0.0764389090687027,1.2878328084983666,,,0.05018615170875984,1.2259704485364509,,,0.03247094237478683,1.186380268358147
,,0.49433231034622743,3.3746802884385954,,,0.33519747883744994,2.4095015243946856,2.3247885444838317,-0.278957299632266,0.30068353766126554,1.9873691490794028,0.8358664835677081,0.03235311354481584,0.23934406696179236,1.674551102763676,0.44830749035519146,0.266039131667145,0.17523542242891282,1.456637661234336,0.25884273889930565,0.24581590358900737,0.12149285628442182,1.3110251116470801,0.1522303853578119,0.3590356418204282,0.08135541551459156,1.2160849022578306,,,0.0532937724336849,1.1550367248650002,,,0.0344307101093575,1.1160873763086958
,,0.49718115389835144,3.371433157317408,,,0.36374185607193593,2.360218111573094,0.8026287062413089,1.044235380188244,0.32509779259285027,1.9248902527197707,0.8365550641211994,0.05197882985324706,0.25697951079227876,1.6065862511002407,0.7474508885478444,-0.6653844970937921,0.18698810779221983,1.387498422414732,0.26215865244540554,0.2771185743234245,0.12904338210678445,1.2424605582775226,0.15432779894695903,0.3876287162872792,0.08613460980520987,1.1485238382366154,,,0.05630370265774538,1.0883947200063735,,,0.03632441752590579,1.0501468230778717
,,0.5002208277196681,3.3683694969012015,,,0.3930277203984623,2.3126994700458035,2.6481773800080615,-0.12050197377809146,0.3497519064387687,1.8647339619496472,0.8426618860496256,0.07078236401028312,0.27454495493838116,1.541500697547382,0.6993848266194294,-0.6275257342035387,0.19857057100360134,1.321654445611876,0.2663080137204556,0.3086135373906948,0.1364284252303885,1.1774518477067704,0.2890448378149497,-0.8102166002265677,0.09078506122404446,1.0846690344125363,,,0.05922261123730728,1.025543710526199,,,0.038156811385038514,0.988045303893249
,,0.5034398568085277,3.3654999188446766,,,0.4230238286707435,2.2668300996474766,2.584185968292209,-0.34855076820207087,0.37463127193240137,1.806684537212333,0.8541115356253316,0.08618602759723899,0.29204086430255616,1.479000983364343,0.41706102078306234,0.3113285358487001,0.20999140451985357,1.2587549351056164,0.2711307558832745,0.3400861909073281,0.14365831736014725,1.1156090184586693,0.3958315958060014,-1.2998708902901048,0.09531569690582267,1.0241053402230964,,,0.06205720315737134,0.9660528322298247,,,0.03993257627620756,0.9293422463039146
,,0.5068262475142203,3.362834362211797,,,0.4537087212583123,2.2225037993689507,0.7425993087340337,1.1152191215064218,0.39972937079813303,1.7505463299994095,0.8704098300019114,0.09804330535416114,0.3094724033137956,1.418825241262842,0.42835055078816164,0.34836792891760365,0.2212613093379929,1.1984906550154608,0.46072231634502475,-0.8280073030644804,0.15074409071066464,1.0565911939136223,0.3142607980864998,-1.0735821076276695,0.09973554059873645,0.9664719016191831,,,0.06481407984971518,0.9095489567955151,,,0.041656258775013756,0.8736570286052914
,,0.5103675208926907,3.3603820767980177,,,0.48506965748306236,2.1796230525418823,2.9570682914608604,-0.2511559761609636,0.42504653488230804,1.696141289727714,0.9555343092464936,0.020231329422783426,0.3268484582076673,1.3607386691485879,0.7492286985395746,-0.6467360741247254,0.23239248669581378,1.1405875430821075,0.24291258504781596,0.36592848081718776,0.15769714773088062,1.000098703975329,0.29739854257859266,-1.0240935583222166,0.1040535449370576,0.9114531955655316,,,0.06749965567834816,0.8557069810709216,,,0.04333222537876916,0.8206587762008017
,,0.514050745453389,3.3581516072664157,,,0.5171017395821542,2.1380984646244143,2.8622797585565087,-0.5089628505170577,0.45058897564823536,1.6433067994830808,0.9280723843812807,-0.012343325737140321,0.3441809004739651,1.304529716278797,0.3964559469962794,0.3864756846340232,0.243398201652332,1.0848014273257471,0.24817944389691385,0.3985448766872506,0.16452903889555245,0.9458666427170352,0.41677846888505937,-1.608446715018224,0.10827848792432025,0.8587717536872784,,,0.07012011201444293,0.8042419842644664,,,0.0449646425874083,0.77005814652283
,,0.5178625694082507,3.356150777899376,,,0.5498071983269347,2.097848256405882,0.683484797983907,1.1883806822755025,0.4763680304019136,1.591893791653711,0.9084237544615533,-0.019328982528438645,0.3614840357492418,1.250006851864418,0.40887503878623366,0.42377024495443993,0.25429247355018436,1.0309136265206926,0.512732839589663,-0.8851342806716677,0.17125131740223448,0.8936595626240895,0.38848704912871806,-1.531832513279511,0.11241891360503689,0.8081822122077168,,,0.07268137642119676,0.754902844140887,,,0.04655747141359085,0.7216006619770523
,,0.5217892525593791,3.3543866777924167,,,0.5831948180393968,2.0587978141792287,3.2476405279772687,-0.5812170773056234,0.5023995852054076,1.5417651020953622,0.9195951760087551,-0.09921913699274927,0.37877419656256756,1.196995811875513,0.7846408973051461,-0.7608597011732432,0.2650898608363872,0.9787272632202159,0.4837195680770559,-0.8391756586783816,0.1778754488607351,0.8432670748797355,0.36415062805594856,-1.4614766549852707,0.11648310316258008,0.7594664113860884,,,0.07518911852482929,0.7074670021995001,,,0.048114471184507915,0.6750612581889736
,,0.5258166979844853,3.3528656463439312,,,0.617279482620739,2.0208792977055623,0.6527593925082542,1.2893633986023263,0.5287036434351816,1.4927940278800045,0.8091215273498714,0.14237215413759527,0.3960694477808696,1.145337239943315,0.371241597843287,0.44132094374987146,0.275805316615317,0.928064154410985,0.22952970325804087,0.48555005353132924,0.1844127604877693,0.7945001766290556,0.3223722863900137,-1.3311864046655848,0.12047906694477242,0.7124293313858792,,,0.07764875687051152,0.6617361405389569,,,0.04963920921098023,0.6302397938056457
,,0.5299304836983086,3.3515932589238515,,,0.6520818274600122,1.9840313064847648,3.749281103320809,-0.5987513186352995,0.5553040159886674,1.444863059063793,0.8396978949068589,0.1656629750204169,0.41338938137687264,1.0948846540906005,0.38374082382669755,0.4788188396660919,0.2864540977109472,0.8787621727250857,0.23602453832258477,0.5191562746843882,0.1908744188244347,0.7471881650132732,0.30383212525978265,-1.2716002175116328,0.12441455084866887,0.6668956991390557,,,0.08006547290488827,0.6175325871488336,,,0.05113507404641605,0.5869573265578475
,,0.5341158944841715,3.3505743126351986,,,0.6876279848256224,1.9481986048561855,0.6041220584104876,1.3790347814245223,0.5822281147106982,1.397862759432485,0.9971456002467728,-0.06121470862324516,0.4307549829892247,1.0455026835393897,0.8746919732571015,-0.9162639575209226,0.2970517146645003,0.8306729926254548,0.5232863109209127,-1.0297274628318034,0.197271428179694,0.7011760273335457,,,0.12829705252565027,0.6227071367006586,,,0.08244422948352212,0.574696306897205,,,0.05260529083130845,0.5450530039710028
,,0.5383579541022447,3.349812812114997,,,0.7239494126427749,1.913331906720097,4.42771637858356,-0.4744500523169644,0.6095068350623748,1.3516907749840983,0.959228569870186,-0.0853226499310178,0.4481885571839694,0.9970655297801657,0.8117805131159416,-0.8763943799519995,0.3076139135001297,0.7836601526672133,0.20874513900061423,0.5692181602215574,0.2036146442747218,0.6563222193728796,,,0.1321338442846815,0.5797197489135157,,,0.08478979216426857,0.5330823661469858,,,0.054052937743084506,0.5043814500529311
,,0.542641458090046,3.349311955354851,,,0.761082798494964,1.8793877211521934,0.5233500468655167,1.4281927904879823,0.6371745176631556,1.3062509521108108,0.9172691036546152,-0.09527004733623018,0.465713701736708,0.9494556140012659,0.7553460225119627,-0.8343820230782613,0.31815668261181607,0.7375973779706643,0.21518385179724225,0.6034023082799236,0.20991479919709338,0.6124967614074699,,,0.135932000567964,0.5378020691444929,,,0.08710675214351225,0.4925587823215548,,,0.055480962928234,0.4648105543329263
,,0.546951007375962,3.349074119556413,,,0.7990700323129126,1.8463282608559628,5.167910123788555,-0.8243255064573857,0.6652689813140895,1.261452550147994,0.7900507371286332,0.2220064877765882,0.4833553239108846,0.902562379300001,0.3578161354090592,0.5344856537121713,0.3286962800106815,0.6923671172730823,0.5875500015693991,-1.2884110058055154,0.2161825349604491,0.5695795950377947,,,0.13969842857949322,0.4968332980159986,,,0.08939955010642187,0.4530046877114803,,,0.05689220153809777,0.4262195888180485
,,0.5512710429280587,3.349100847072707,,,0.837958242573563,1.814121416251699,0.493950983789871,1.5672617386983658,0.6938316226214504,1.2172095352556365,0.8284787082780349,0.24605182166522008,0.5011396938126231,0.8562812211575888,0.3715909752380923,0.5724017692314164,0.3392492776022818,0.6478592569916103,0.5491824237315148,-1.225767736388093,0.22242844383660706,0.5274591545945665,,,0.1434399011522439,0.4567017826091821,,,0.09167250055234133,0.4143087507170956,,,0.0582893926578699,0.3884975932412886
,,0.5555858816579989,3.349392831522648,,,0.877799891956713,1.782740799038766,6.394726675697371,0.47623168505043667,0.7229075795170317,1.173439944561274,1.0276155804660683,-0.14890470488412932,0.5190945316080158,0.8105125237118116,0.9795926339841691,-1.0964969975281598,0.34983262026681516,0.6039699811066054,0.19297185913957937,0.6754257531368337,0.22866311427584407,0.48603111521459597,,,0.14716309130523406,0.4173036934188117,,,0.0939298163612289,0.37636780854241764,,,0.05967519603482292,0.3515419804758146
,,0.5598797537933432,3.3499499042027394,,,0.9186529293189554,1.7521658603027062,7.532109089206006,1.799710418455323,0.752545957921011,1.130065311188689,0.9768692401847991,-0.16935883526504852,0.5372491268098762,0.7651607826001386,0.905511196284325,-1.0512750287517205,0.36046369838531206,0.5606007507245571,0.1995723277349225,0.7118482122069811,0.2348971817230393,0.4451972862513171,,,0.15087460821035664,0.37854186403162965,,,0.09617563351360754,0.33908567382161003,,,0.06105220859325072,0.3152573229688853
,,0.5641368419207148,3.350771020956602,,,0.9605809955537143,1.7223820896943627,,,0.7828001226054275,1.0870101422799807,0.7606358968310603,0.2829154360438246,0.5556344890671343,0.7201337977232309,0.8387449341398115,-1.0051117054102174,0.37116043316109,0.5176573811762528,0.2070386063008946,0.7498711846787163,0.24114138401985774,0.4048646238708575,,,0.15458103449075383,0.34032476455593186,,,0.09841403598347344,0.3023720843102338,,,0.06242298078164301,0.2795542880928567
,,0.5683413218870953,3.3518542496992327,,,1.0036536814107144,1.693381303917688,,,0.8137280550693777,1.0442014434413098,1.0976718512277064,-0.20771475928719485,0.5742835309927495,0.6753419213110057,0.34223332217315006,0.6210426142821286,0.38194137468035766,0.47504919765732156,0.6787852884308566,-1.6162669685085405,0.24740662139063882,0.36494434077879,,,0.1582889649291585,0.30256558460719474,,,0.10064908090417436,0.266141770013923,,,0.06379003284018428,0.2443486958550963
,,0.5724774057267834,3.35319675882842,,,1.0479468356330928,1.6651620347700327,,,0.8453927830027104,1.0015682842526463,1.0395506717197307,-0.23488617510328486,0.5932312846047294,0.6306973482504458,0.3567312265685623,0.6605544641976989,0.39282581317941156,0.4326882528829856,0.6266978868797933,-1.5364988676833087,0.25370402126786734,0.32535109424596464,,,0.16200504679168662,0.2651814054221648,,,0.102884824170804,0.23031361626071947,,,0.06515587110944668,0.20956067678084384
,,0.5765293867570681,3.3547948067899536,,,1.093542921804954,1.6377300293381851,,,0.877862887762512,0.9590414006257238,0.9802004053188199,-0.24854000475921267,0.6125151539815494,0.5861134368241353,1.0309447395034517,-1.2583294799432745,0.4038339044709734,0.39048859212643117,0.8064716698952851,-2.0641153610814915,0.26004500844171685,0.2860022361212645,,,0.1657360220816571,0.2280924436354922,,,0.10512534669600904,0.19480990447942834,,,0.06652300452820335,0.17511391122978204
,,0.5804816869564635,3.3566437330957957,,,1.140531422036433,1.6110988777320396,,,0.911213098286112,0.9165528309202481,0.7306699864191647,0.34070766247417034,0.6321752077962416,0.5415040488617933,0.947298054841976,-1.2071612771780376,0.4149868109563731,0.34836555243029155,0.7334394799596129,-1.9544704898661842,0.2664413812328799,0.24681711046101898,,,0.16948877213810534,0.19122135156279738,,,0.10737478158443195,0.1595556149984834,,,0.06789396149263932,0.1409349341148298
,,0.584318906705287,3.3587379511244846,,,1.189009284973049,1.5852907870153905,,,0.9455249820907694,0.8740355838882095,1.1066478241027533,-0.30340074585123217,0.6522545165403789,0.49678289886000554,0.31919815008168323,0.684633815372124,0.4263068601381677,0.30623508378861314,,,0.272905394601903,0.2077163858633855,,,0.1732703650919769,0.15449256060793837,,,0.1096373425383777,0.12447777815888739,,,0.06927130727321938,0.10695249110132211
,,0.5880258769294838,3.3610709430602475,,,1.2390814144955349,1.5603375238642108,,,0.9808877465468636,0.8314233377695605,0.6822219576677643,0.38041311229758096,0.6727995405303975,0.45186290190191986,0.33302557295706736,0.7246765948716036,0.4378177230729907,0.26401308073796936,,,0.27944985133331046,0.16862141064032368,,,0.17708810679572523,0.11783165573664155,,,0.1119173538570815,0.08950486153910459,,,0.07065766221101075,0.07309693398242177
,,0.5915877136449744,3.3636352573508046,,,1.2908611937289376,1.5362815530561666,,,1.0173991665543451,0.7886501712807502,0.7185332486276472,0.4139670700888582,0.6938605762601096,0.406655510221962,1.081200662292097,-1.4439024536236322,0.44954461579120714,0.22161471309964426,,,0.28608820268028207,0.12945357963813667,,,0.18094959595493149,0.08116476989636238,,,0.11421928244723047,0.05456618219184648,,,0.0720557209440543,0.03929964413113878
,,0.594989874851644,3.3664225090830047,,,1.3444710364049473,1.5131774042954764,,,1.055166658214509,0.7456503289091445,1.1717357270890836,-0.3795708189759629,0.7154922703898556,0.36107002801388804,0.9892777712303434,-1.3810373099958058,0.46151452738476745,0.17895374459358615,,,0.29283466013724047,0.09013370186092991,,,0.1848627843192929,0.04441798785690324,,,0.11654777232612544,0.01959133354447538,,,0.07346827294807433,0.005492473778006242
,,0.5982182196736299,3.369423383689409,,,1.4000429539475556,1.4910933062427416,,,1.0943085222068503,0.702358024964006,0.6868934151222567,0.47253613720701937,0.7377542127227285,0.3150128935674078,0.30465765330764677,0.7845165288072877,0.4737564792578422,0.1359418276983461,,,0.29970432033628375,0.050581358075206334,,,0.18883604294100423,0.007516749225134101,,,0.11890768217418941,-0.01549038294901181,,,0.07489822471612052,-0.028392804604219474
,,0.6012590695862332,3.37262764440702,,,1.4577191215131367,1.470113134097898,,,1.1349553855194152,0.6587072933854886,1.23447918813425,-0.4679534914833875,0.760711622008073,0.26838691702330253,1.2847879323621572,-1.759166664712756,0.48630182098263847,0.09248776244443324,,,0.3067133054538433,0.010714237279282238,,,0.19287823568804588,-0.029614759637202063,,,0.12130412658395287,-0.05075053117582597,,,0.07634862395056773,-0.06242505028707863
,,0.6040992715101421,3.376024143910713,,,1.5176524191208889,1.4503387258249598,,,1.177251876143773,0.6146318935715727,1.1536068237280201,-0.4888967503912374,0.7844361414529676,0.22109046093362253,1.1617446899802295,-1.6824904225010209,0.49918456934964456,0.04849670577121648,,,0.3138789219840877,-0.02955255970496956,,,0.19699880141636072,-0.06705423539223285,,,0.12374252176227328,-0.08626212867202783,,,0.07782268620047804,-0.09667431716296421
,,0.6067262624913319,3.379600840537836,,,1.5800069143021735,1.4318926322442131,,,1.221358572583616,0.5700652867095094,0.6226258437947035,0.4932993074781138,0.8090067645676756,0.17301654936542268,0.28263643958729123,0.8741484094997618,0.5124417986030753,0.003869316602288678,,,0.321219841307398,-0.070307262246873,,,0.20120784646826717,-0.10488192044873375,,,0.1262286365763755,-0.12210026023450113,,,0.07932382445037225,-0.13121243735395327
,,0.6091281356208965,3.3833448195061178,,,1.6449582395037192,1.4149213778433358,,,1.2674542788498,0.5249407026453867,0.6571477926693782,0.5304108724878009,0.8345109166192377,0.12405188944500378,1.2910089713283113,-2.0048148501183665,0.5261140915791699,-0.04149918016628228,,,0.32875630618325985,-0.11164223164894291,,,0.2055162494870606,-0.14318131087317487,,,0.12876864999852208,-0.15834272796259258,,,0.08085568225631931,-0.1661136360161137
,,0.6112937067841457,3.38724231950396,,,1.7126937996411902,1.3995993222784617,,,1.3157386864102192,0.4791913246726908,1.2844594757274777,-0.5682901413547135,0.8610457227757924,0.07407578694249106,0.2576633784351824,0.960936345861054,0.5402460636081451,-0.08772003010814045,,,0.3365103681622138,-0.15365483859999496,,,0.20993578093523133,-0.18203992312545839,,,0.13136921620652256,-0.19507074996707324,,,0.08242217113613863,-0.20145518874964746
,,0.6132125817636814,3.3912787649996883,,,1.7834127211869377,1.3861332269925593,,,1.366435497808297,0.432750629426698,0.5819476123066135,0.5361828976277707,0.8887195013296506,0.022958934666477526,0.27121964861650905,1.0086533772875714,0.5548869737180412,-0.13491210872003118,,,0.34450616198615047,-0.19644843474751747,,,0.21447924019601247,-0.2215501351096402,,,0.13403753884782296,-0.2323697215002733,,,0.08402751305781316,-0.23731813434287935
,,0.6148752231582316,3.395438804574144,,,1.8573254219840853,1.3747676467356935,,,1.4197961029500221,0.3855529322454417,0.6137984225776053,0.5751653064657559,0.9176535296340076,-0.02943795101920042,1.5276576602002472,-2.4609221198857822,0.5700914410449575,-0.1832032305659369,,,0.35277022438875977,-0.2401334399036658,,,0.21916061375083204,-0.2618101194362455,,,0.13678145628634078,-0.2703300542545714,,,0.08567628904080073,-0.27378805732934974
,,0.6162730165190751,3.399706355528837,,,1.9346526380035212,1.3657912811311934,,,1.4761039191121734,0.33753420616337715,1.390727685577296,-0.6653240776519725,0.9479841421667715,-0.08326567444277104,2.1931446011334788,-3.3041555677092025,0.5859202886132164,-0.23273163996370347,,,0.36133186639486886,-0.2848285703474314,,,0.2239952586921475,-0.30292488987295607,,,0.13960954004010026,-0.309048112145861,,,0.08737349509775993,-0.3109559571081861
,,0.617398335050601,3.4040646549597278,,,2.015623686157073,1.359544435150034,,,1.5356795304263682,0.2886332669067764,1.2903456381817577,-0.6874220852228354,0.9798652352358312,-0.1386883195936781,1.887637665329094,-3.117666401774498,0.6024415420721588,-0.2836477215901145,,,0.3702236103496845,-0.3306622386872306,,,0.229000116795996,-0.3450074858756415,,,0.14253120910569664,-0.34862726517621384,,,0.08912460701085222,-0.34891922328382385
,,0.6182446021724446,3.408496317414857,,,2.100473666830397,1.3564277466165549,,,1.5988867930008754,0.23879344934395613,0.5735002965456149,0.6221068570830837,1.0134712723290877,-0.19588526386680255,,,0.6197316179272441,-0.33611597762294726,,,0.37948170562063316,-0.3777741620825093,,,0.2341939655992953,-0.38818032505485217,,,0.1455568634810949,-0.3891790871304439,,,0.0909356557725322,-0.387782740574893
,,0.6188063511994034,3.4129833991729295,,,2.189439210812094,1.3569123390430748,,,1.666140109185255,0.1879649463214515,0.6071566810551229,0.6628194840807727,1.049000909438811,-0.2550534939182324,,,0.63787674477343,-0.39031732848347994,,,0.3891467403850921,-0.4263172236597554,,,0.2395977144805266,-0.43257675972578336,,,0.14869804097889458,-0.4308247281357911,,,0.09281331594567258,-0.4276601513259403
,,0.6190792813636734,3.4175074690904026,,,2.2827522466227865,1.3615515417975328,,,1.7379131201328069,0.13610804368709514,1.4809169320388853,-0.7845290346683619,1.0866813928383812,-0.3164102796041672,,,0.6569746726980888,-0.44645180753249486,,,0.3992643713889483,-0.4764596421891904,,,0.24523475573209774,-0.4783428816861269,,,0.1519676024181646,-0.4736964998086272,,,0.09476500973879678,-0.4686753095972619
,,0.6190603093833806,3.422049685867735,,,2.3806310990471635,1.3709942753608073,,,1.8147491211782905,0.08319757271351137,1.3689121982666368,-0.8059252220823369,1.1267739255027944,-0.38019627209979323,,,0.6771367412894107,-0.5047417370647566,,,0.4098861993631527,-0.5283875181711606,,,0.2511313831778052,-0.525639629564681,,,0.15537995156173495,-0.5179397192342239,,,0.09679903028494309,-0.5109639683630248
,,0.6187476157734924,3.426590881482573,,,2.4832680211620985,1.386000109746498,,,1.8972735708178872,0.029229023378202355,0.5591672187115142,0.7022291978057404,1.1695802564638185,-0.4466791039713034,,,0.6984903968408076,-0.5654354947936976,,,0.421070825370322,-0.5823078413014754,,,0.2573172942191324,-0.5746452661526836,,,0.15895129781884124,-0.5637148689198155,,,0.09892468850573642,-0.5546757509905262
,,0.6181406851012384,3.4311116504305423,,,2.590812005280891,1.4074558430152782,,,1.9862091417269814,-0.025773066096771127,1.6008529918958336,-0.9141136805025795,1.215450825249668,-0.5161575820905184,,,0.7211822761697789,-0.6288120082796409,,,0.432885133347162,-0.6384520660443918,,,0.26382619555028486,-0.6255583099729914,,,0.16269997188511007,-0.6112001438606905,,,0.10115248910150045,-0.5999764705412031
,,0.6172403394092845,3.435592444304893,,,2.703345412928389,1.4363931764473965,,,2.082393850022723,-0.08174358479109495,1.4742089573394372,-0.935403828666199,1.264794898803612,-0.5889665783802315,,,0.7453820104993276,-0.6951861515582589,,,0.44540585738642174,-0.6970803903842804,,,0.27069653852513587,-0.6786010271893127,,,0.16664680731517745,-0.6605944749582411,,,0.10349434272431557,-0.6470508763888861
,,0.6160487640668594,3.4400136711368146,,,2.820852621068104,1.4740066301780668,,,2.186802891971219,-0.13856098503361933,0.5300470984460446,0.7652042356840364,1.3180932818362967,-0.6654827373425479,,,0.7712869516964355,-0.7649152664947702,,,0.4587215101008567,-0.7584869100208256,,,0.27797241779533466,-0.7340236184977902,,,0.17081560475720617,-0.7121211415876393,,,0.10596382338934668,-0.6961059283682564
,,0.6145695253623055,3.44435579881119,,,2.9431785332453453,1.5216701761595701,,,2.300574903418703,-0.1960253793097692,0.5629655742898575,0.8103627752410704,1.3759143792679749,-0.7461311308121246,,,0.7991280900530333,-0.8384070951750009,,,0.47293477249679045,-0.8230058694781783,,,0.28570467708274844,-0.792109273216951,,,0.17523370055971127,-0.7660321170070422,,,0.10857648283620108,-0.7473747257630252
,,0.612807579220119,3.4485994617704643,,,3.0699745196069346,1.5809500729713772,,,2.4250434103829344,-0.25382818816849256,1.7226350513174062,-1.0667511024703797,1.4389346644147452,-0.8313929948163058,,,0.8291775253829512,-0.916129494610305,,,0.48816547870654015,-0.8910192972637326,,,0.2939522798235581,-0.8531803126756563,,,0.1799326681672999,-0.8226133311430663,,,0.11135023711504587,-0.8011212541633184
,,0.6107692705111126,3.4527255701249198,,,3.2006292611705485,1.6536099645017266,,,2.5617742073782823,-0.311509905490318,1.5768210501453788,-1.085959641212809,1.507964993116797,-0.9218146721761138,,,0.8617579828405707,-0.9986224191661429,,,0.5045543744158352,-0.962966400664546,,,0.3027840214043979,-0.9176057118261622,,,0.18494918983946934,-0.8821910897557551,,,0.11430584549686805,-0.8576461607118434
,,0.6084623225249933,3.456715420203474,,,3.334182311426862,1.7416023541493215,,,2.712609182627352,-0.36840107057544913,0.4955165633671775,0.8214440432306483,1.5839847533217317,-1.0180178415197005,,,0.897255048603085,-1.086512810790251,,,0.5222678913982399,-1.039355216114997,,,0.3122806859685589,-0.9858103784099073,,,0.19032614875302672,-0.9451399623118817,,,0.11746750840745464,-0.9172938319787761
,,0.6058958162890655,3.4605508055079293,,,3.4692193232115978,1.8470380459508102,,,2.8797165165991716,-0.4235394089959241,0.5251001555309646,0.867958913799445,1.6681866292008074,-1.1207110091824293,,,0.9361330644277329,-1.1805332486410385,,,0.5415042705321057,-1.1207771765747927,,,0.3225377875164224,-1.058286692575535,,,0.1961140089524946,-1.011892550608848,,,0.12086362021296064,-0.980461135050068
,,0.603080159543125,3.464214126977578,,,3.6037503703033185,1.972122164317439,,,3.0656458594810063,-0.4755530584486419,1.8270560681355077,-1.2518280502727892,1.7620359071913871,-1.2307020206685821,,,0.9789560044477819,-1.2815455017632789,,,0.5625014946832254,-1.2079254876069696,,,0.3336690870972347,-1.1356089806707828,,,0.20237257508583706,-1.0829516872704061,,,0.12452772545833332,-1.047608300663767
,,0.6000270453167141,3.467688501432476,,,3.7350773499689884,2.1190423552113957,,,3.273384395537594,-0.522495496367751,0.4842096117320713,0.9241536917295836,1.8673499416198331,-1.3489109123324912,,,1.0264152260287722,-1.3905705356290445,,,0.5855476805061482,-1.3016185281634796,,,0.34581115268489915,-1.218451835941748,,,0.20917325872453135,-1.1589058038995577,,,0.1284997452604293,-1.1192725910325731
,,0.5967494001980129,3.470957867044215,,,3.859663886693088,2.289792734445964,,,3.5064044486422654,-0.5616118827210226,2.0011529830890806,-1.46314556889973,1.9864059157405516,-1.476381583833237,,,1.0793668412463666,-1.508827096668126,,,0.6109948554942527,-1.4028299550428198,,,0.3591293373420595,-1.3076135376882232,,,0.21660202842550846,-1.2404484772389193,,,0.132827566557288,-1.196085624707798
,,0.593261322530859,3.4740070846839544,,,3.973032016676348,2.485917952874376,,,3.76868336196716,-0.5890088554060885,0.4307355867301494,0.9516217104052361,2.1220888300220624,-1.6142891726557833,,,1.138882763948669,-1.6377818140535092,,,0.6392774632385719,-1.5127278604420085,,,0.37382571268699333,-1.4040463075473133,,,0.22476329454316404,-1.3284035451819638,,,0.1375691248123771,-1.2787955573074659
,,0.5895780109244505,3.476822034019648,,,4.069723815862295,2.708168325783454,,,4.064658103594695,-0.599190933496334,0.45798113523718575,1.0024249055237027,2.278097433977844,-1.763936972388783,,,1.2063215295701828,-1.7792149277676013,,,0.6709375774675768,-1.6327263182592902,,,0.3901497378135043,-1.5088958527445109,,,0.23378508989102584,-1.4237577402484867,,,0.14279516689709326,-1.368295787635633
,,0.5857156836057542,3.4793897032780077,,,4.1433805447455585,2.9560730499984795,,,4.399044217826322,-0.5844192957129356,2.2166785507348163,-1.7187775226858122,2.4592347101749654,-1.9267309268519914,,,1.2834282407932003,-1.9353074442286062,,,0.7066598010219588,-1.7645541303178598,,,0.40841281698246323,-1.6235537018783224,,,0.2438260744246616,-1.5277036066543186,,,0.14859296544212466,-1.465662548105441
,,0.581691489284196,3.481698271651441,,,4.187000863966144,3.227467291695582,,,4.776391787412725,-0.5338509045102112,0.42151535810250557,1.0727646213579134,2.671823253898386,-2.1041085065866993,,,1.3724783050922693,-2.10875798283519,,,0.7473204150699961,-1.9103478322671688,,,0.42900848402855635,-1.7497274348776135,,,0.25508515065814263,-1.6416966939763127,,,0.15507138580088134,-1.5722047654503086
,,0.5775234103283184,3.4837371834150206,,,4.193433155295358,3.5180500152947265,,,5.200157689077948,-0.4324482414768752,2.5459058927689573,-2.0258223281987724,2.9243070376626155,-2.2973767573802117,,,1.4764885234517602,-2.302941162604188,,,0.7940579428752267,-2.072779515206647,,,0.452440888256429,-1.8895363705347452,,,0.26781488527869884,-1.767532895176015,,,0.16236791032519035,-1.689531136799541
,,0.5732301591717429,3.485497212921907,,,4.156122727504185,3.821094476679244,,,5.670935758342726,-0.2597585202873351,0.39287404566088663,1.1752907762061247,3.2281329710483897,-2.5073703509662293,,,1.599534399134364,-2.5221245580764013,,,0.8483766590873035,-2.255235576273733,,,0.47936579579993877,-2.0456441567203902,,,0.28234059411956425,-1.9074547230508072,,,0.1706585511065006,-1.8196417821518576
,,0.5688310689678802,3.4869705197654834,,,4.070064995634133,4.127462374849679,,,6.183328443740788,0.011062528604724758,3.0540775063882784,-2.4512809177015837,3.5990511650140475,-2.733750976132013,,,1.7472397183575308,-2.7717685326240615,,,0.9123021357580033,-2.4620715598960103,,,0.5106509205392635,-2.2214459805014704,,,0.2990880472695294,-2.064299995531444,,,0.18017211926147012,-1.965055664275718
,,0.5643459795970553,3.4881506935301108,,,3.9328187054422816,4.426056760646449,,,6.720896882655207,0.41301976076978014,0.36592699329136213,1.2851046377334694,4.059027625940594,-2.973583763349181,,,1.9275543964120856,-3.05894274487784,,,0.98862145427026,-2.698983379631827,,,0.5474669296368627,-2.421338529734137,,,0.31862463270171865,-2.2417140714967076,,,0.19121122709656732,-2.128991194428135
,,0.5597951201939211,3.489032787696966,,,3.7453423884370904,4.704764073439225,,,7.2490868639940125,0.9818702143029563,3.5772713367970774,-2.9681636575884274,4.638991138830292,-3.218435878160502,,,2.152031861433021,-3.3929029095772107,,,1.0812658952087695,-2.9735612492203796,,,0.5914286458016856,-2.6511186658645753,,,0.3417221440063096,-2.444459737650635,,,0.20418398500901494,-2.3156278585562453
,,0.5551989894057997,3.4896133424234224,,,3.512386359371774,4.951787166083042,,,7.707811038690872,1.7464592197298532,5.24496724408951,-3.5509882062469726,5.382482120282779,-3.4484204785454198,,,2.4380066973969003,-3.7858718645214586,,,1.1959428374294867,-3.2961389169391166,,,0.6448213242441696,-2.918588357125012,,,0.369455464013311,-2.6788814751271013,,,0.2196532228876444,-2.5304946865489324
,,0.5505782346130554,3.489890396070528,,,3.2422474466982774,5.157109676684462,,,8.00929539403632,2.7101951233387167,,,6.349367379077406,-3.619939846053401,,,2.8124671991191494,-4.254023093305589,,,1.3412234781142391,-3.681135883032277,,,0.7109770641692345,-3.2345016307332446,,,0.403363108018231,-2.9536218636693246,,,0.23841546728203705,-2.7810635970749256
,,0.5459535313404972,3.489863485509561,,,2.945871178105387,5.313739932462059,,,8.051370376291032,3.8267367391708356,,,7.6152316655483,-3.6409422950594497,,,3.319275664451487,-4.818437435530251,,,1.5305090479157362,-4.149252564579496,,,0.7949289533797753,-3.614101494959284,,,0.4457190997446521,-3.280765565797812,,,0.26163256268064433,-3.077685774275979
,,0.5413454640645631,3.4895336353919575,,,2.6354967670935854,5.418423454908914,,,7.75386096625254,4.9855765742588085,,,9.250282043581375,-3.3250063167836785,,,4.033341764618415,-5.504895158135222,,,1.7857983837231115,-4.731199287873342,,,0.9046084084481171,-4.079722572575709,,,0.5000157004673254,-3.677741005175256,,,0.29106101759974257,-3.435126997408918
,,0.536774409575602,3.4889033367136446,,,2.323181840032092,5.4716805310463705,,,7.106219006427672,6.031408116513859,,,11.230671476583462,-2.3289104366606495,,,5.0899072164079255,-6.337837266668782,,,2.1454348721255183,-5.4742932420675015,,,1.0531783533601664,-4.665426725051889,,,0.5718704973061912,-4.170636580002845,,,0.3294734032538086,-3.8752019282448793
,,0.532260423989527,3.4879765151418543,,,2.019549282967387,5.477238568856074,,,6.189594080465704,6.821576620240455,,,13.199750050728818,-0.17097263236038235,,,6.747162500606972,-7.309661886766719,,,2.681481349300875,-6.454586153631689,,,1.2639440423980293,-5.425778812342612,,,0.6708529645659933,-4.800329019166557,,,0.381484060757515,-4.431548542340974
,,0.5278231344204816,3.4867584896970416,,,1.732979857092271,5.441087123964551,,,5.146154385904424,7.284663352484707,,,14.176891998165402,3.3419917162200172,,,9.513272318520277,-8.247039247671564,,,3.543169688409954,-7.799555206158736,,,1.5817463087968233,-6.453750160605141,,,0.814494620724798,-5.63465223931293,,,0.4553013010093209,-5.158886299056328
,,0.5234816362283968,3.4852559224922164,,,1.4693055471188015,5.37043035343272,,,4.117436323837796,7.435275018050223,,,13.054527967794039,7.243657354963678,,,14.274764479575028,-8.259484237950538,,,5.081617757609797,-9.726767279922859,,,2.1029775990332475,-7.920800745705677,,,1.0381309819045759,-6.794874072876333,,,0.5668436950853752,-6.152573149005839
,,0.5192543966451638,3.4834767603250514,,,1.2319199601216053,5.272758584853506,,,3.199212414702979,7.34362307353352,,,10.144634337053546,9.8076852670187,,,21.15136654757723,-4.115589598533096,,,8.273640176680454,-12.553913469982177,,,3.069641125469522,-10.177556221126512,,,1.422959486763046,-8.520681278469805,,,0.7508054137520654,-7.594830468174887
,,0.5151591654635805,3.4814301689930667,,,1.0221544439551926,5.155160267886438,,,2.4331468186774323,7.093975301549781,,,6.983957934207548,10.495397300037379,,,23.15469801901008,7.390310213376214,,,16.362213841926017,-15.881003061854909,,,5.248325159090297,-14.040841909890757,,,2.195116647170175,-11.358538242622828,,,1.0965801347502848,-9.882316319179381
,,0.51121289334731,3.479126461258407,,,0.8397677997705012,5.023900138084294,,,1.8218098836038292,6.7580954036769105,,,4.536816777507645,10.01622122560404,,,14.800510276144415,14.977801923393262,,,35.69494637389611,-7.6640681168255025,,,12.183207515542572,-21.551791138502853,,,4.21573351122783,-16.857541300421463,,,1.9038249471383701,-14.069401781503949
,,0.5074316581908687,3.4765770194258283,,,0.6834353823934265,4.884226954442044,,,1.3476411440588463,6.386780149866533,,,2.8951470673357167,9.112524231708965,,,7.369960088751089,14.425086562652,,,26.065684889407613,21.87359254322799,,,48.623683361571096,-23.367174514702427,,,13.54530784211585,-31.153402069556016,,,4.811325356360629,-24.137706021822623
,,0.5038305998291652,3.4737942135158657,,,0.5511712332761534,4.740347809689145,,,0.986464755929236,6.011750603450373,,,1.8462241398295844,8.162183631020287,,,3.676326759794681,12.01252700429408,,,8.350286639337758,19.444418308515996,,,25.107810478447693,34.414440205579986,,,99.86108171915295,17.339459954721814,,,45.64892110074063,-69.67588078174464
,,0.5004238632690299,3.4707913160154398,,,0.4406569645361034,4.595505423088947,,,0.7146419866452964,5.65080480175856,,,1.181081393610028,7.3008287139478405,,,1.9345697385854126,9.906318980724015,,,3.1361568666351256,14.03083219217978,,,5.04470324572767,20.56500723676305,,,8.071994822346625,30.919373463186066,,,12.87140998267669,47.32897166699377
